guideId	guideSeq	offtargetSeq	mismatchCount	mitOfftargetScore	cfdOfftargetScore	chrom	start	end	locusDesc
58forw	TTGTGGTAGCAACACTATCATGG	TTGTGGTAGCAACACTATCATGG	0	100.0	1.0	chrIV	1524601	1524623	intergenic:PAU10-YDR543C
80rev	TCAAGCAAATTGCAATATTGAGG	TCAAGCAAATTGCAATATTAAGG	1	41.7	0.9375	chrIV	1524559	1524581	intergenic:PAU10-YDR543C
80rev	TCAAGCAAATTGCAATATTGAGG	TCAAGCAAATTGCAATATTAAGG	1	41.7	0.9375	chrX	7811	7833	intergenic:YJL225C-PAU1
80rev	TCAAGCAAATTGCAATATTGAGG	TCAAGCAAATTGCAATATTAAGG	1	41.7	0.9375	chrIX	7828	7850	intergenic:YIL177C-PAU14
80rev	TCAAGCAAATTGCAATATTGAGG	TCAAGCAAACTGCAATATTAAGG	2	3.31685590909	0.499999999687	chrXII	1064215	1064237	intergenic:PAU4-YLR462W/YLR463C/YLR464W/BSC3/YRF1-4/YLR466C-A
80rev	TCAAGCAAATTGCAATATTGAGG	TCAAGCAATTTGCAATATTAAGG	2	2.37301617647	0.5625	chrIII	1141	1163	intergenic:Gap-YCL076W/YCL075W
80rev	TCAAGCAAATTGCAATATTGAGG	TCAAGAAAATAGCAATATTAAGG	3	0.441184962687	0.652901786016	chrVII	825	847	intergenic:Gap-COS12
80rev	TCAAGCAAATTGCAATATTGAGG	TCAAGCAAATGGTAATATTAAGG	3	0.239344803797	0.2625	chrXV	890	912	intergenic:YOL166W-A-YOL166C
80rev	TCAAGCAAATTGCAATATTGAGG	TCAAGCAAATGGTAATATTAAGG	3	0.239344803797	0.2625	chrII	6651	6673	intergenic:YBL109W-PAU9
80rev	TCAAGCAAATTGCAATATTGAGG	TCAAGCAAATGGTAATATTAAGG	3	0.239344803797	0.2625	chrXIV	783212	783234	intergenic:PAU6-YNR077C
80rev	TCAAGCAAATTGCAATATTGAGG	TCAAGCAAATGGGAATATTAAGG	3	0.239344803797	0.0511363635	chrXV	1083856	1083878	intergenic:PAU21-YOR394C-A
80rev	TCAAGCAAATTGCAATATTGAGG	TCAAGCAAATGGTAATATTAAGG	3	0.239344803797	0.2625	chrXII	12129	12151	intergenic:YLL065W-PAU18
80rev	TCAAGCAAATTGCAATATTGAGG	TCAAGCAAATGGGAATATTAAGG	3	0.239344803797	0.0511363635	chrXVI	7267	7289	intergenic:YRF1-7-PAU22
80rev	TCAAGCAAATTGCAATATTGAGG	TCAAGCAAATGGTAATATTAAGG	3	0.239344803797	0.2625	chrIII	315717	315739	intergenic:AAD3-YCR108C
41forw	TACATAAACATATTGGCTTGTGG	TACATAAACACATTGGCTTGAAG	1	55.5	0.172839506086	chrX	7752	7774	intergenic:YJL225C-PAU1
41forw	TACATAAACATATTGGCTTGTGG	TACATAAACACATTGGCTTGAAG	1	55.5	0.172839506086	chrIX	7769	7791	intergenic:YIL177C-PAU14
41forw	TACATAAACATATTGGCTTGTGG	TACATAAACATATTGACTTGAAG	1	17.2	0.259259259	chrXVI	7208	7230	intergenic:YRF1-7-PAU22
41forw	TACATAAACATATTGGCTTGTGG	TACATAAACATATTGACTTGAAG	1	17.2	0.259259259	chrXV	1083915	1083937	intergenic:PAU21-YOR394C-A
41forw	TACATAAACATATTGGCTTGTGG	TACATAAACATATTGACTTGTGG	1	17.2	1.0	chrIV	1524618	1524640	exon:YDR543C
41forw	TACATAAACATATTGGCTTGTGG	TACAAAAACATATTGACTTGGAG	2	1.60196078431	0.1296296295	chrXII	1064274	1064296	intergenic:PAU4-YLR462W/YLR463C/YLR464W/BSC3/YRF1-4/YLR466C-A
34forw	ACAATAATACATAAACATATTGG	ACAATAATACATAAACATATTGA	0	100.0	0.069444444	chrIV	1524625	1524647	exon:YDR543C
34forw	ACAATAATACATAAACATATTGG	ACAATAATACATAAACATATTGA	0	100.0	0.069444444	chrXVI	7201	7223	intergenic:YRF1-7-PAU22
34forw	ACAATAATACATAAACATATTGG	ACAATAATACATAAACATATTGA	0	100.0	0.069444444	chrXV	1083922	1083944	intergenic:PAU21-YOR394C-A
34forw	ACAATAATACATAAACATATTGG	ACAATAATACAAAAACATATTGA	1	49.2	0.0555555552	chrXII	1064281	1064303	intergenic:PAU4-YLR462W/YLR463C/YLR464W/BSC3/YRF1-4/YLR466C-A
34forw	ACAATAATACATAAACATATTGG	ACAATAATACATAAACACATTGG	1	19.6	0.428571429	chrIX	7762	7784	intergenic:YIL177C-PAU14
34forw	ACAATAATACATAAACATATTGG	ACAATAATACATAAACACATTGG	1	19.6	0.428571429	chrX	7745	7767	intergenic:YJL225C-PAU1
34forw	ACAATAATACATAAACATATTGG	AAAATATTCCGTAAACATATTGG	4	0.331367890437	0.118181818049	chrXI	410450	410472	exon:PUT3
34forw	ACAATAATACATAAACATATTGG	ATAATATTACATATAGATATAGG	4	0.0263112781646	0.032634032643	chrXVI	424172	424194	intergenic:BTS1-YPL068C
137forw	AGAATATTTCGTACTTACACAGG	AGAATATTTCGTACTTACACAGA	0	100.0	0.069444444	chrV	569498	569520	intergenic:YER188W-YER188C-A
137forw	AGAATATTTCGTACTTACACAGG	AGAATATTTCGTACTTACACAGA	0	100.0	0.069444444	chrXVI	7304	7326	intergenic:YRF1-7-PAU22
137forw	AGAATATTTCGTACTTACACAGG	AGAATATTTCGTACTTACACAGA	0	100.0	0.069444444	chrXV	1083819	1083841	intergenic:PAU21-YOR394C-A
137forw	AGAATATTTCGTACTTACACAGG	AAAATATTTCGTACTTACACAGA	1	100.0	0.0587606833739	chrXI	886	908	intergenic:YKL225W-PAU16
137forw	AGAATATTTCGTACTTACACAGG	AGAATATTTCGTACTTATACAGA	1	19.6	0.0446428568671	chrIII	315680	315702	intergenic:AAD3-YCR108C
137forw	AGAATATTTCGTACTTACACAGG	AGGATATTTCTTACTTACACAGA	2	4.12594047619	0.0163224120646	chrIV	1524522	1524544	intergenic:PAU10-YDR543C
104forw	AATATTGCAATTTGCTTGAACGG	AATATTGCAATTTGCTTGAACGG	0	100.0	1.0	chrX	7815	7837	intergenic:YJL225C-PAU1
104forw	AATATTGCAATTTGCTTGAACGG	AATATTGCAATTTGCTTGAACGG	0	100.0	1.0	chrIV	1524555	1524577	intergenic:PAU10-YDR543C
104forw	AATATTGCAATTTGCTTGAACGG	AATATTGCAATTTGCTTGAACGG	0	100.0	1.0	chrIX	7832	7854	intergenic:YIL177C-PAU14
104forw	AATATTGCAATTTGCTTGAACGG	AATATTGCAGTTTGCTTGAACGG	1	92.1	0.555555556	chrXII	1064211	1064233	intergenic:PAU4-YLR462W/YLR463C/YLR464W/BSC3/YRF1-4/YLR466C-A
104forw	AATATTGCAATTTGCTTGAACGG	AATATTGCAAATTGCTTGAACGG	1	55.5	0.75	chrIII	1145	1167	intergenic:Gap-YCL076W/YCL075W
104forw	AATATTGCAATTTGCTTGAACGG	AATATTCCCATTTGCTTGAACGG	2	2.27843304598	0.392857142562	chrXVI	7271	7293	intergenic:YRF1-7-PAU22
104forw	AATATTGCAATTTGCTTGAACGG	AATATTACCATTTGCTTGAACGG	2	2.27843304598	0.571428571	chrXV	894	916	intergenic:YOL166W-A-YOL166C
104forw	AATATTGCAATTTGCTTGAACGG	AATATTACCATTTGCTTGAACGG	2	2.27843304598	0.571428571	chrXII	12133	12155	intergenic:YLL065W-PAU18
104forw	AATATTGCAATTTGCTTGAACGG	AATATTACCATTTGCTTGAACGG	2	2.27843304598	0.571428571	chrII	6655	6677	intergenic:YBL109W-PAU9
104forw	AATATTGCAATTTGCTTGAACGG	AATATTACCATTTGCTTGAACGG	2	2.27843304598	0.571428571	chrXIV	783208	783230	intergenic:PAU6-YNR077C
104forw	AATATTGCAATTTGCTTGAACGG	AATATTCCCATTTGCTTGAACGG	2	2.27843304598	0.392857142562	chrXV	1083852	1083874	intergenic:PAU21-YOR394C-A
104forw	AATATTGCAATTTGCTTGAACGG	GATCTTGAAGTTTGCTTGAAGGA	4	1.31769578313	0.00885076246587	chrXII	724953	724975	exon:YHC1
104forw	AATATTGCAATTTGCTTGAACGG	AATATTGCTATTTTCTTGAACGG	2	0.576580333333	0.1600000002	chrVII	829	851	intergenic:Gap-COS12
104forw	AATATTGCAATTTGCTTGAACGG	AATATTACCATTTGCTTGACTGG	3	0.517428935681	0.129870129617	chrIII	315713	315735	intergenic:AAD3-YCR108C
140rev	TGACATATTATTCTAATGTATGG	TGGCATATTATTCTAATGTATGG	1	98.6	0.611111111	chrII	6711	6733	intergenic:YBL109W-PAU9
140rev	TGACATATTATTCTAATGTATGG	TGGCATATTATTCTAATGTATGG	1	98.6	0.611111111	chrXIV	783152	783174	intergenic:PAU6-YNR077C
140rev	TGACATATTATTCTAATGTATGG	TGGCATATTATTCTAATGTATGG	1	98.6	0.611111111	chrXII	12189	12211	intergenic:YLL065W-PAU18
140rev	TGACATATTATTCTAATGTATGG	TGGCATATTATTCTAATGTATGG	1	98.6	0.611111111	chrV	569475	569497	intergenic:YER188W-YER188C-A
140rev	TGACATATTATTCTAATGTATGG	TGGCATATTATTCTAATGTATGG	1	98.6	0.611111111	chrXV	950	972	intergenic:YOL166W-A-YOL166C
140rev	TGACATATTATTCTAATGTATGG	TGGCATAGTATTCTAATGTAAGG	2	6.24466666667	0.448148147863	chrIV	1524499	1524521	intergenic:PAU10-YDR543C
140rev	TGACATATTATTCTAATGTATGG	TAGCATATTATTCTAATGTATGG	2	5.1467032967	0.517094016906	chrXII	1064155	1064177	intergenic:PAU4-YLR462W/YLR463C/YLR464W/BSC3/YRF1-4/YLR466C-A
140rev	TGACATATTATTCTAATGTATGG	TGACATAATATTCTAATGTGAAG	2	4.21436170213	0.158605664256	chrXVI	7327	7349	intergenic:YRF1-7-PAU22
140rev	TGACATATTATTCTAATGTATGG	TGACATAATATTCTAATGTGAAG	2	4.21436170213	0.158605664256	chrXV	1083796	1083818	intergenic:PAU21-YOR394C-A
140rev	TGACATATTATTCTAATGTATGG	GTGCATATTATTCTAATGTATGG	3	2.28742368742	0.371980675998	chrXI	909	931	intergenic:YKL225W-PAU16
140rev	TGACATATTATTCTAATGTATGG	GTGCATATTATTCTAATGTAAGG	3	2.28742368742	0.371980675998	chrIII	315657	315679	intergenic:AAD3-YCR108C
140rev	TGACATATTATTCTAATGTATGG	TGGCATATTATTGTAATGTCAGG	3	0.53320532381	0.0189393938627	chrIX	7888	7910	intergenic:YIL177C-PAU14
140rev	TGACATATTATTCTAATGTATGG	TGGCATATTATTGTAATGTCAGG	3	0.53320532381	0.0189393938627	chrX	7871	7893	intergenic:YJL225C-PAU1
140rev	TGACATATTATTCTAATGTATGG	TGACAGATGATTATGATGTATGG	4	0.0548526823509	0.088435374165	chrVIII	369615	369637	exon:ECM14
